
INSERT INTO college (college_name)
VALUES
('矿业学院'),
('安全学院'),
('机电工程学院'),
('计算机科学学院'),
('软件工程学院'),
('力学与建筑设计学院'),
('土木工程学院'),
('艺术与设计学院'),
('管理学院'),
('文法学院'),
('国际学院'),
('化工学院'),
('电力学院'),
('材料学院'),
('物理学院'),
('马克思主义学院');

INSERT INTO teacher (teacher_id, teacher_name, password)
VALUES
(1002501, '张伦', '1002501'),
(1002502, '秦丽霞', '1002501'),
(1002503, '李艳', '1002503'),
(1002504, '石礼伟', '1002504'),
(1002505, '彭娟', '1002505'),
(1002506, '张悬', '1002506'),
(1002507, '王鹏', '1002507'),
(1002508, '腾淑华', '1002508'),
(1002509, '邢烨', '1002509'),
(1002510, '孔丹', '1002510');

INSERT INTO student (student_id, student_name, password, college_id, college_name)
VALUES
(100111001, '张鹏', '10011151001', 10011, '矿业学院'),
(100111012, '李荣省', '10011151012', 10011, '矿业学院'),
(100111033, '胡国庆', '10011151033', 10011, '矿业学院'),
(100111046, '刘方圆', '10011151046', 10011, '矿业学院'),
(100131022, '潘旭东', '10013151022', 10013, '机电工程学院'),
(100131023, '祁存龙', '10013151023', 10013, '机电工程学院'),
(100131024, '孙亮', '10013151024', 10013, '机电工程学院'),
(100131025, '冉家伟', '10013151025', 10013, '机电工程学院'),
(100141131, '辛武', '10014151131', 10014, '计算机科学学院'),
(100141132, '徐思朗', '10014151132', 10014, '计算机科学学院'),
(100141133, '杨贵城', '10014151133', 10014, '计算机科学学院'),
(100250965, '付国通', '10025150965', 10025, '物理学院'),
(100250966, '冯帅', '10025150966', 10025, '物理学院'),
(100250967, '陈富水', '10025150967', 10025, '物理学院');

INSERT INTO experiment
(experiment_name, experiment_time, experiment_place, capacity, teacher_id, selected_number)
VALUES
('等厚干涉--牛顿环和劈尖', '2020-04-19 13:30', 'B422', 6, 1002501, 0),
('RC和RL串联电路特性研究', '2020-04-19 13:30', 'B412', 4, 1002504, 0),
('用电势差计测电动势', '2020-04-21 10:00', 'B406', 4, 1002501, 0),
('用电磁感应法测交变磁场', '2020-04-23 16:10', 'B417', 6, 1002503, 0),
('非线性电阻元件伏安特性曲线的测量', '2020-04-23 13:30', 'B411', 10, 1002507, 0),
('双臂电桥测低电阻', '2020-04-23 10:00', 'B408', 10, 1002506, 0),
('用模拟法测绘静电场', '2020-04-24 16:10', 'B412', 4, 1002504, 0),
('互感系数的测量实验', '2020-04-26 13:30', 'B413', 4, 1002510, 0),
('铁磁材料的居里温度测量', '2020-04-27 10:00', 'B402', 6, 1002505, 0);

